id,cust_id,phone_number
1,1,3235831411
2,2,8974960051
3,3,3284110877
4,4,8283878993
5,5,9929387358
6,6,7474218769
7,7,9498969039
8,8,9064553880
9,9,9873111878
10,10,8702210303
11,11,6122413096
12,12,2708693703
13,13,8608236097
14,14,1638079190
15,15,8044483082
16,16,5317790556
17,17,2629046898
18,18,4711985047
19,19,7298799937
20,20,3736434389
21,21,7228862520
22,22,8804972022
23,23,5473247690
24,24,2778409296
25,25,9524618873
26,26,2813773037
27,27,1216389361
28,28,9036914069
29,29,9974579426
30,30,5648490445
31,31,2915513978
32,32,3314516685
33,33,9947851043
34,34,2047650822
35,35,5285482471
36,36,4514578454
37,37,4148687337
38,38,2482621047
39,39,6808200408
40,40,1247673033
41,41,2025953905
42,42,8562648410
43,43,5689240482
44,44,5151220909
45,45,9381944756
46,46,3951206432
47,47,8479976459
48,48,1904021519
49,49,1778946998
50,50,5442221280
51,51,2327609240
52,52,9641770538
53,53,3455688565
54,54,2731119989
55,55,4663323320
56,56,8169363497
57,57,2047260400
58,58,9104798841
59,59,2658104951
60,60,6756795781
61,61,2739425388
62,62,2267851557
63,63,1489782713
64,64,4436355990
65,65,6344456824
66,66,2298904754
67,67,4799339361
68,68,9738561112
69,69,9177106536
70,70,5956482724
71,71,6733557759
72,72,3441580452
73,73,1406829645
74,74,3958217788
75,75,4487099737
76,76,5456806887
77,77,6856817070
78,78,8646171356
79,79,6542347713
80,80,7049943769
81,81,1603720175
82,82,4125308879
83,83,5087354384
84,84,1765621837
85,85,9573677807
86,86,3799685423
87,87,9407714203
88,88,7251699196
89,89,3761954507
90,90,4387383238
91,91,8092530814
92,92,4182787210
93,93,3737503611
94,94,5949442879
95,95,5033914957
96,96,1332700742
97,97,8675857308
98,98,7345085587
99,99,4067620063
100,100,7016888288
101,101,5013352425
102,102,2287497073
103,103,8446948116
104,104,9553773040
105,105,3684874145
106,106,6765802211
107,107,9262752014
108,108,1742174761
109,109,8118033903
110,110,5533929059
111,111,4342861444
112,112,6756622649
113,113,5684221478
114,114,6281332629
115,115,1476456446
116,116,6016674025
117,117,3487688810
118,118,2614907814
119,119,8651414597
120,120,3888504173
121,121,7679702784
122,122,1831559090
123,123,8155217008
124,124,6933936206
125,125,6229464659
126,126,3875755233
127,127,2522000159
128,128,7946608687
129,129,7198406856
130,130,6178462580
131,131,6473840092
132,132,6402536773
133,133,2038716494
134,134,4567685391
135,135,7721596094
136,136,2215145759
137,137,3327261065
138,138,4987266055
139,139,5046937700
140,140,6453830039
141,141,7119184567
142,142,7786306054
143,143,6121211336
144,144,7115993867
145,145,4906373963
146,146,6802692043
147,147,6282515703
148,148,1973261607
149,149,2921480988
150,150,4207553769
151,151,8812430189
152,152,5891461199
153,153,9631060992
154,154,2483239751
155,155,3865557331
156,156,6012538504
157,157,5889649545
158,158,5665276468
159,159,8645578315
160,160,8495309066
161,161,9009927492
162,162,9505413063
163,163,6308114664
164,164,5776280306
165,165,1018422956
166,166,6728770759
167,167,3104571984
168,168,8643050100
169,169,7129833874
170,170,4241565959
171,171,4053601568
172,172,9644302193
173,173,4522547121
174,174,9112051073
175,175,4566058639
176,176,9046269896
177,177,3768910137
178,178,5135937277
179,179,3392896489
180,180,5108003676
181,181,9922460673
182,182,5998662638
183,183,3446333998
184,184,5804473210
185,185,5631463014
186,186,8969671929
187,187,6362951717
188,188,7353284237
189,189,2727937933
190,190,8953410837
191,191,9546063271
192,192,7713511344
193,193,9482708126
194,194,9493962988
195,195,3323510667
196,196,4573931260
197,197,3655483545
198,198,3395889225
199,199,1191320780
200,200,5426712378
201,201,9773283167
202,202,8382616773
203,203,5822452983
204,204,2099838137
205,205,6529649486
206,206,8914494826
207,207,8662869339
208,208,3645416707
209,209,1809435165
210,210,7262852173
211,211,6229747454
212,212,8625969052
213,213,7799540972
214,214,9407643004
215,215,7435736475
216,216,8288090780
217,217,9233402134
218,218,6257158590
219,219,5362220610
220,220,4362492168
221,221,5225941994
222,222,6214355463
223,223,5339677397
224,224,4894548497
225,225,3174951724
226,226,4735404823
227,227,3039805058
228,228,9544517140
229,229,6749775532
230,230,2689261345
231,231,8852263242
232,232,8559614818
233,233,6981431446
234,234,5265493121
235,235,8134400522
236,236,7417148325
237,237,4126890107
238,238,6232998296
239,239,8732424941
240,240,4971931128
241,241,7978183489
242,242,1361248780
243,243,5574347743
244,244,6776041979
245,245,9391852849
246,246,5362139456
247,247,2151603774
248,248,2067159129
249,249,4885765112
250,250,1482005704
251,251,7811840345
252,252,3947026354
253,253,1651295803
254,254,3717999300
255,255,5849129876
256,256,6881350301
257,257,8952177047
258,258,3327816642
259,259,6955933072
260,260,2211542286
261,261,3122231167
262,262,7522314990
263,263,7893340078
264,264,8249727498
265,265,8904892533
266,266,7042489397
267,267,7305444522
268,268,7552380902
269,269,3925701390
270,270,5344082667
271,271,4963134365
272,272,1057525676
273,273,8605117911
274,274,3287268178
275,275,1289886826
276,276,8643480643
277,277,1464665712
278,278,4626231425
279,279,6188032832
280,280,1064761381
281,281,1891107619
282,282,6594640846
283,283,5481621009
284,284,2314755674
285,285,4228424176
286,286,7486640645
287,287,6869633322
288,288,7399209635
289,289,9949248467
290,290,6628329920
291,291,8677425832
292,292,1093932673
293,293,2267481756
294,294,9429755791
295,295,8948686280
296,296,2291469773
297,297,7842158819
298,298,9066498291
299,299,6082926384
300,300,8135448410
301,301,2153955558
302,302,9174498795
303,303,6021720822
304,304,2384565562
305,305,7417989902
306,306,9893322206
307,307,6336983019
308,308,2367652742
309,309,1224222097
310,310,1409582364
311,311,4594570677
312,312,6454163578
313,313,5164067578
314,314,9551256911
315,315,4288250307
316,316,3964780806
317,317,1461509123
318,318,9056554627
319,319,1178143086
320,320,7079511456
321,321,2029667092
322,322,2632076031
323,323,3799935604
324,324,8851932689
325,325,4415286829
326,326,9151068947
327,327,9967460350
328,328,7455863668
329,329,4308874145
330,330,1096326248
331,331,1598008390
332,332,1577367868
333,333,4029521955
334,334,8156644861
335,335,2111337023
336,336,3565968465
337,337,5457162359
338,338,8978507113
339,339,8763169441
340,340,2379196715
341,341,7442275908
342,342,3779113619
343,343,1781453357
344,344,9904524642
345,345,4346254079
346,346,1015390376
347,347,8622891709
348,348,3212450888
349,349,6308539656
350,350,6517020369
351,351,4793568452
352,352,6921886006
353,353,6461277223
354,354,6158638986
355,355,4726370134
356,356,8053033916
357,357,9359902029
358,358,1842130472
359,359,3959067267
360,360,5678144003
361,361,8486111119
362,362,5873975620
363,363,3543836588
364,364,9819811987
365,365,7348880421
366,366,5048691589
367,367,3566871385
368,368,2024264294
369,369,5181151328
370,370,9206733838
371,371,3694007393
372,372,8189969676
373,373,5835906293
374,374,7986299139
375,375,2085297042
376,376,2026715320
377,377,6619270418
378,378,9584009491
379,379,7041353430
380,380,8669537804
381,381,1212441426
382,382,8327693994
383,383,8501976861
384,384,1462034835
385,385,5189841501
386,386,4653807167
387,387,6457304050
388,388,4312769249
389,389,3908874854
390,390,7562218415
391,391,3384818715
392,392,7304712336
393,393,8992743869
394,394,1916527705
395,395,7145327228
396,396,3047721775
397,397,5051065038
398,398,6118082146
399,399,5593001828
400,400,5127725726
401,401,8432658463
402,402,4086664471
403,403,5207266426
404,404,6958444075
405,405,3463116096
406,406,3528841351
407,407,2382063986
408,408,5734780614
409,409,7083240084
410,410,6362243301
411,411,7212558364
412,412,7955769363
413,413,4031425269
414,414,1702043551
415,415,3141809898
416,416,6881306692
417,417,7479301527
418,418,9732306574
419,419,1064196761
420,420,2503366137
421,421,1016764180
422,422,3908737975
423,423,3285289448
424,424,3353166290
425,425,4888931266
426,426,6394720745
427,427,2105589416
428,428,9225129727
429,429,4462047806
430,430,6886985854
431,431,2933936826
432,432,5008311018
433,433,6783538367
434,434,1797396564
435,435,1987355967
436,436,3143024291
437,437,4083901311
438,438,4647939768
439,439,4264338644
440,440,8012185315
441,441,4539060505
442,442,5494967463
443,443,4862599625
444,444,4151778536
445,445,4662859748
446,446,4721183617
447,447,9759040146
448,448,2462206629
449,449,3036509711
450,450,9959604482
451,451,8587254013
452,452,9898418911
453,453,1313067436
454,454,7728433586
455,455,9369110385
456,456,3676228262
457,457,6359170523
458,458,6615868048
459,459,7114588748
460,460,8302337100
461,461,6077723078
462,462,7667040672
463,463,1853671816
464,464,4709198255
465,465,6601457928
466,466,7495494995
467,467,3186188489
468,468,7841374171
469,469,2518850083
470,470,2043389125
471,471,9439266041
472,472,2423193747
473,473,4871382800
474,474,9283409616
475,475,8809487073
476,476,1174490684
477,477,5238587729
478,478,3781232104
479,479,5662380100
480,480,5544696255
481,481,3057609254
482,482,4511740444
483,483,2692260781
484,484,5393744089
485,485,4529711590
486,486,2387087409
487,487,4076041588
488,488,4635702468
489,489,8326407988
490,490,5933852186
491,491,3405920944
492,492,9547036518
493,493,5409764723
494,494,8726184332
495,495,6736590367
496,496,5549136123
497,497,2331528742
498,498,7367045634
499,499,5458754501
500,500,2044769585
501,501,9768991466
502,502,6036608797
503,503,7144126486
504,504,1906588558
505,505,1451471812
506,506,3464300638
507,507,6458394947
508,508,5718979131
509,509,2694741182
510,510,7464382682
511,511,4291755771
512,512,1075180553
513,513,1564116586
514,514,8453099056
515,515,7115774237
516,516,1466322778
517,517,5438734880
518,518,8598952975
519,519,7422121780
520,520,4323538197
521,521,9379654795
522,522,3454030480
523,523,1897455377
524,524,3375599518
525,525,9358967449
526,526,9717822148
527,527,1522420497
528,528,6239129265
529,529,5662750036
530,530,1905396240
531,531,8539900939
532,532,9896030068
533,533,1967387239
534,534,5266767156
535,535,2226339896
536,536,1269842482
537,537,8605353184
538,538,9474499702
539,539,5014108162
540,540,8386833174
541,541,1987949815
542,542,7202707547
543,543,5765998485
544,544,5445685744
545,545,9779830953
546,546,3951336056
547,547,3587506026
548,548,5612265639
549,549,7007798410
550,550,5771097516
551,551,3571789736
552,552,1114865462
553,553,3363717389
554,554,6027766147
555,555,1601894227
556,556,8104730484
557,557,7413730478
558,558,7794102380
559,559,7175213188
560,560,2336488728
561,561,9413600767
562,562,7172990534
563,563,8489995612
564,564,1157240454
565,565,5616940145
566,566,1732412847
567,567,3134384074
568,568,4484880884
569,569,3503937323
570,570,9256316873
571,571,6226984475
572,572,3198946152
573,573,8045340274
574,574,2846324634
575,575,8291983675
576,576,7353386293
577,577,2785038396
578,578,4758953230
579,579,3685650866
580,580,5443048863
581,581,4101059388
582,582,6015206941
583,583,6916631692
584,584,5542198719
585,585,4098140522
586,586,6333540731
587,587,6146561414
588,588,1972477041
589,589,4621002955
590,590,1709257284
591,591,8727354732
592,592,3912392780
593,593,3788046428
594,594,6377166524
595,595,3159087821
596,596,9925011728
597,597,8787339514
598,598,5583600079
599,599,6618744013
600,600,7755531626
601,601,8384170828
602,602,5585919827
603,603,5648394808
604,604,7829113414
605,605,2085575952
606,606,1997348217
607,607,4747166485
608,608,6387033447
609,609,7605054994
610,610,9416064970
611,611,4681376135
612,612,5534027070
613,613,6887015672
614,614,2665950131
615,615,4703262918
616,616,7307764360
617,617,2534193716
618,618,3243473090
619,619,5444849615
620,620,1092543979
621,621,3065060540
622,622,1503611501
623,623,7965356480
624,624,2373696795
625,625,8654556816
626,626,3834067457
627,627,4771594789
628,628,2214611626
629,629,6367385774
630,630,2596506445
631,631,4492153912
632,632,5305830013
633,633,2653514199
634,634,6924643340
635,635,5486890244
636,636,3535612885
637,637,9463221620
638,638,6054980562
639,639,7298139820
640,640,6758883440
641,641,5766466194
642,642,5808544116
643,643,7877446643
644,644,2079611408
645,645,5242149653
646,646,7886843825
647,647,5484712620
648,648,7472250090
649,649,5942037675
650,650,9881972451
651,651,7143813996
652,652,5672917196
653,653,9922474274
654,654,2531291170
655,655,3648761564
656,656,4595575844
657,657,5577844250
658,658,8268211289
659,659,8097398629
660,660,6655260470
661,661,4768110533
662,662,8527074035
663,663,8117155221
664,664,3601874714
665,665,3468734640
666,666,1872516020
667,667,7878891660
668,668,6987283531
669,669,7064700194
670,670,4138580303
671,671,8567089790
672,672,9198546049
673,673,4198897662
674,674,8261252320
675,675,6993190039
676,676,1193599639
677,677,4957213868
678,678,8426914276
679,679,5801977763
680,680,1352240281
681,681,4876200318
682,682,8591084841
683,683,5878328302
684,684,4695711559
685,685,8643747620
686,686,4016386551
687,687,4004538266
688,688,7024621973
689,689,4153334863
690,690,3838863471
691,691,8095660869
692,692,8932459818
693,693,5805396705
694,694,8053437404
695,695,7325151371
696,696,3075222238
697,697,7078394393
698,698,2609735044
699,699,2166976026
700,700,9172515978
701,701,7613420377
702,702,1214048828
703,703,9675937040
704,704,7663110822
705,705,9275473373
706,706,1489333083
707,707,9061763063
708,708,4416774831
709,709,9802728236
710,710,6621768558
711,711,1174786476
712,712,3883512181
713,713,7638029056
714,714,2568899929
715,715,1392509668
716,716,6247402141
717,717,7448210202
718,718,4984616792
719,719,1699280597
720,720,2429652460
721,721,9291859414
722,722,2167828672
723,723,5639201136
724,724,3989117200
725,725,6813610679
726,726,5781599021
727,727,7423725204
728,728,1756328133
729,729,8733270602
730,730,7012978167
731,731,1398154934
732,732,1907393020
733,733,7164926850
734,734,6217710880
735,735,5401839076
736,736,8088105303
737,737,1701971491
738,738,6039036599
739,739,5291600122
740,740,1167784955
741,741,8628761956
742,742,5643262331
743,743,6957563355
744,744,5849167014
745,745,4403728403
746,746,8102729505
747,747,9131139707
748,748,4897450715
749,749,4713822147
750,750,1068918350
751,751,1499745885
752,752,9779513582
753,753,7816258309
754,754,9618141679
755,755,9362236224
756,756,4356677117
757,757,5392001962
758,758,5137512649
759,759,5124785825
760,760,2693847167
761,761,5634254279
762,762,1948574537
763,763,2842345060
764,764,2158464822
765,765,7133261244
766,766,4708667499
767,767,1326772328
768,768,3478054338
769,769,9375113954
770,770,5673821606
771,771,7965203702
772,772,9559065643
773,773,7633721834
774,774,3704772716
775,775,4047471126
776,776,3675406956
777,777,3079905775
778,778,8195695800
779,779,5746369465
780,780,5976680878
781,781,9068069437
782,782,4474654527
783,783,6133773400
784,784,9448706031
785,785,2681659690
786,786,5277268333
787,787,4936989721
788,788,1364286416
789,789,3203783255
790,790,9154624246
791,791,9791779594
792,792,4174891453
793,793,1774091248
794,794,9926091807
795,795,6409098142
796,796,2757825750
797,797,1057225831
798,798,2421893441
799,799,1493930773
800,800,9328025231
801,801,4944000842
802,802,1907107318
803,803,4546626948
804,804,1582669656
805,805,7246962030
806,806,9633982977
807,807,7729640511
808,808,5058728171
809,809,6547769789
810,810,4672865362
811,811,7288785021
812,812,7818293335
813,813,3314330184
814,814,4341328330
815,815,1771254760
816,816,7447911795
817,817,4813821403
818,818,8104188042
819,819,9341929382
820,820,7915760892
821,821,9434390974
822,822,4086361666
823,823,2579391092
824,824,2031596672
825,825,4216688731
826,826,3421755107
827,827,4396490920
828,828,3562925904
829,829,1455899847
830,830,4086631700
831,831,4311934798
832,832,5724446550
833,833,4461667758
834,834,7269291339
835,835,2681572943
836,836,5565219497
837,837,5901817420
838,838,7719852302
839,839,6051550485
840,840,1701171930
841,841,3428835672
842,842,9199693748
843,843,6913132624
844,844,2228269844
845,845,2652860832
846,846,7572713446
847,847,2741640065
848,848,7503804467
849,849,8502369185
850,850,5969780199
851,851,8829322719
852,852,4523272728
853,853,2271899656
854,854,4855892451
855,855,9637767265
856,856,6152362728
857,857,1606277087
858,858,4016692621
859,859,3262747206
860,860,2711263084
861,861,8777205134
862,862,2359210104
863,863,3448759182
864,864,8048179038
865,865,2602092768
866,866,7661863562
867,867,7282194300
868,868,6338364486
869,869,7363623826
870,870,3177096942
871,871,9485155948
872,872,8497715769
873,873,2391778906
874,874,7659036859
875,875,6165946242
876,876,2581985577
877,877,5183895153
878,878,4601763579
879,879,7117251366
880,880,3606320582
881,881,3621645264
882,882,2171482462
883,883,7351229549
884,884,3386473511
885,885,9711509638
886,886,5348325183
887,887,1572095665
888,888,5006512831
889,889,5311647411
890,890,8398070310
891,891,8647219792
892,892,4532905490
893,893,8802554799
894,894,6424649940
895,895,2142661170
896,896,4824840796
897,897,8938728699
898,898,8245586487
899,899,5293439300
900,900,5801697482
901,901,3138357801
902,902,4453127131
903,903,7516491534
904,904,9042210312
905,905,5437501865
906,906,1329433006
907,907,3807600899
908,908,7238633958
909,909,3416458627
910,910,8837315771
911,911,4736592583
912,912,3792388719
913,913,9615016113
914,914,1358765365
915,915,3222233696
916,916,8244116472
917,917,9892213393
918,918,6112630401
919,919,7072102215
920,920,4633227572
921,921,2101922715
922,922,4234235528
923,923,6264542538
924,924,2362847712
925,925,9637501655
926,926,1908668701
927,927,8204039640
928,928,9625834984
929,929,6631344155
930,930,8765452152
931,931,8494123312
932,932,7561790827
933,933,4977606737
934,934,9545931670
935,935,8648248822
936,936,2991033765
937,937,9882329875
938,938,9444340347
939,939,6673536684
940,940,7465818275
941,941,3804163652
942,942,4625456644
943,943,3373355920
944,944,6665384097
945,945,7853098502
946,946,2001616802
947,947,1825377200
948,948,6167481455
949,949,8163481497
950,950,9036475321
951,951,9438401339
952,952,5675283560
953,953,8924530256
954,954,2981592039
955,955,8031184486
956,956,2969323004
957,957,8712885222
958,958,6624905345
959,959,3671072172
960,960,1867859289
961,961,8051934882
962,962,7422989944
963,963,6107159885
964,964,3782797592
965,965,4915355220
966,966,5605814254
967,967,1295071305
968,968,9813185963
969,969,3913692504
970,970,8409855256
971,971,6098206507
972,972,9981289842
973,973,8092127990
974,974,8265997931
975,975,8833605754
976,976,4312944779
977,977,2012054690
978,978,8785124194
979,979,1398809061
980,980,2391174114
981,981,3652910812
982,982,7796983870
983,983,5497296878
984,984,1221208977
985,985,7062966916
986,986,5383126775
987,987,9623195841
988,988,4744799039
989,989,6201876923
990,990,1842632515
991,991,6377258169
992,992,9048869446
993,993,9625249782
994,994,4726687109
995,995,9625524779
996,996,9841151101
997,997,3316192603
998,998,3163950880
999,999,1214172268
1000,1000,1628226368
