id,cust_id,card_number,card_type,expiry_date
1,1,337941070677322,americanexpress,2/27/2022
2,2,3549293405947899,jcb,3/9/2023
3,3,5100174042428061,mastercard,11/16/2023
4,4,4911250101361864,switch,2/9/2023
5,5,3531137744427560,jcb,7/31/2022
6,6,337941336172803,americanexpress,3/14/2024
7,7,06044619725944849,maestro,6/9/2021
8,8,3556823952020235,jcb,2/26/2020
9,9,5893996451495327,maestro,2/14/2023
10,10,67634326277006823,maestro,7/31/2020
11,11,3557586273618834,jcb,3/27/2022
12,12,201580238473506,diners-club-enroute,5/4/2021
13,13,5429826708838826,mastercard,11/9/2023
14,14,4828621860224927,visa,3/10/2022
15,15,3587156647940159,jcb,11/27/2018
16,16,3571357801576312,jcb,12/14/2018
17,17,5487301335858505,diners-club-us-ca,10/17/2021
18,18,6333777293205785,switch,6/30/2023
19,19,3561841918886492,jcb,10/9/2023
20,20,5602240019103053,bankcard,9/10/2021
21,21,3533324801666953,jcb,1/17/2020
22,22,4508468469330383,visa-electron,7/15/2021
23,23,5602238604272184,bankcard,7/24/2022
24,24,5561358213758503,diners-club-us-ca,6/28/2020
25,25,3542406601405374,jcb,3/9/2020
26,26,3576718306865614,jcb,8/14/2021
27,27,36826107644292,diners-club-international,1/5/2020
28,28,676200665242716491,maestro,5/14/2023
29,29,50387957798150933,maestro,5/31/2023
30,30,3542301838506542,jcb,2/24/2024
31,31,5020562040197716904,maestro,7/7/2018
32,32,3580479784110130,jcb,5/23/2021
33,33,6761787700104980318,maestro,7/27/2020
34,34,3540397056767040,jcb,10/13/2020
35,35,374288285780804,americanexpress,11/9/2022
36,36,3570595474072827,jcb,8/7/2021
37,37,6388027007249677,instapayment,10/14/2019
38,38,3541888352970931,jcb,8/11/2023
39,39,3562355567861689,jcb,7/26/2022
40,40,0604399567144874,maestro,10/30/2018
41,41,201739165415514,diners-club-enroute,6/20/2021
42,42,3555514585298543,jcb,12/5/2020
43,43,675908611386161745,maestro,4/29/2023
44,44,5100147271927938,mastercard,1/15/2023
45,45,342062080733451,americanexpress,11/3/2018
46,46,30288947035809,diners-club-carte-blanche,8/24/2019
47,47,6762185176953689811,maestro,10/8/2023
48,48,3582065629337042,jcb,12/26/2020
49,49,3551054150923187,jcb,12/9/2020
50,50,3546805241987954,jcb,3/14/2023
51,51,4936958049124530,switch,10/29/2020
52,52,370644040215623,americanexpress,1/22/2019
53,53,3562056933391076,jcb,9/15/2019
54,54,3569140062159638,jcb,9/17/2021
55,55,3534611889313550,jcb,11/4/2020
56,56,4905611264249337,switch,7/26/2018
57,57,502038933703130529,maestro,10/18/2023
58,58,3563979159610243,jcb,2/17/2022
59,59,560225152003941219,china-unionpay,8/2/2019
60,60,3561758362635037,jcb,10/21/2022
61,61,56022305938893236,china-unionpay,10/16/2018
62,62,5602230000183107,china-unionpay,9/17/2021
63,63,5048370968253047,mastercard,8/3/2018
64,64,6762894605461053,maestro,3/21/2021
65,65,4508775813137706,visa-electron,6/13/2019
66,66,5610275830054853,bankcard,12/4/2018
67,67,5486398664314564,diners-club-us-ca,2/22/2020
68,68,67594990724330355,maestro,9/29/2020
69,69,3533158892399193,jcb,10/27/2022
70,70,6771600821131179395,laser,6/4/2021
71,71,4041597228576,visa,5/16/2022
72,72,4508231077161735,visa-electron,6/11/2023
73,73,3553915899614162,jcb,7/14/2021
74,74,374622477921034,americanexpress,7/7/2018
75,75,3544356168676669,jcb,2/15/2021
76,76,560222010767517752,china-unionpay,5/15/2024
77,77,3585062889918220,jcb,10/17/2019
78,78,3536975721549079,jcb,12/4/2018
79,79,3569742923102424,jcb,12/25/2020
80,80,374288416834165,americanexpress,2/4/2024
81,81,201997082732300,diners-club-enroute,11/13/2018
82,82,3565129555898087,jcb,11/9/2020
83,83,3530463927536758,jcb,4/19/2019
84,84,3561031362500514,jcb,6/2/2019
85,85,3542711878557678,jcb,8/1/2019
86,86,5544263176382386,mastercard,11/16/2022
87,87,36832827193594,diners-club-international,1/20/2021
88,88,201523371722719,diners-club-enroute,10/20/2022
89,89,30360571220849,diners-club-carte-blanche,11/15/2019
90,90,3539429328735357,jcb,1/24/2021
91,91,5100144404940359,mastercard,12/30/2023
92,92,58938184859600311,maestro,12/16/2018
93,93,3589878512809932,jcb,8/10/2023
94,94,5317145538253097,mastercard,10/28/2023
95,95,5602259713030040,bankcard,9/7/2020
96,96,3545281384992329,jcb,2/8/2021
97,97,5602252640670924048,china-unionpay,1/30/2022
98,98,502015076061859862,maestro,3/13/2024
99,99,5602230363766050,bankcard,5/9/2020
100,100,5450534128689751,mastercard,9/7/2020
101,101,6373311975672277,instapayment,6/9/2024
102,102,50381771095290581,maestro,10/15/2021
103,103,4911829856123718,switch,11/10/2022
104,104,5108752612032975,mastercard,4/22/2019
105,105,4508797881980460,visa-electron,11/28/2022
106,106,3546352037471299,jcb,5/12/2023
107,107,5602218668453599,bankcard,12/26/2021
108,108,3545643850215073,jcb,8/20/2019
109,109,56022274476999286,china-unionpay,3/19/2020
110,110,501862361285139408,maestro,7/19/2018
111,111,5243273238323132,mastercard,12/14/2022
112,112,6767149431064738690,solo,7/4/2021
113,113,3558524704956423,jcb,8/18/2022
114,114,4305195747583021,visa,8/28/2018
115,115,6386941361374941,instapayment,10/31/2018
116,116,3573193502196938,jcb,1/10/2022
117,117,5602240178541655,bankcard,1/22/2019
118,118,4175006488336254,visa-electron,6/6/2021
119,119,4405022723781065,visa-electron,5/29/2022
120,120,3570180866307428,jcb,12/11/2021
121,121,5010125573746023,mastercard,4/16/2022
122,122,5602241232391624,bankcard,3/6/2024
123,123,5602235980632502,bankcard,11/22/2020
124,124,6709977663447033329,laser,3/22/2021
125,125,3545298166484705,jcb,5/17/2024
126,126,3588533158288914,jcb,7/13/2020
127,127,3588683436335241,jcb,8/31/2022
128,128,30292793663698,diners-club-carte-blanche,2/25/2023
129,129,3584619250413627,jcb,1/24/2020
130,130,3585110736916184,jcb,10/30/2020
131,131,3588761272459976,jcb,12/22/2022
132,132,3571747523812922,jcb,3/23/2023
133,133,3569550782832514,jcb,4/28/2022
134,134,3549796803436851,jcb,4/16/2020
135,135,3546022582224324,jcb,8/26/2021
136,136,3569923678646969,jcb,3/9/2019
137,137,3542146111071619,jcb,8/5/2022
138,138,5602256968528983,bankcard,11/10/2019
139,139,6759230962327279,maestro,11/15/2018
140,140,6331100814320744028,switch,10/31/2023
141,141,3554370010051903,jcb,6/12/2019
142,142,4041370776239,visa,8/3/2019
143,143,4844453210113604,visa-electron,9/25/2020
144,144,3565773917309414,jcb,6/29/2019
145,145,3528751598213481,jcb,2/29/2020
146,146,5602218404666504,bankcard,12/22/2023
147,147,3581339367584029,jcb,2/20/2022
148,148,5100143594163780,mastercard,2/27/2024
149,149,6331109851353082,switch,10/16/2020
150,150,5602213220684377,bankcard,5/4/2022
151,151,3541999967510572,jcb,9/9/2020
152,152,3563731820703315,jcb,8/16/2022
153,153,5602234928224860,bankcard,4/13/2023
154,154,3528056991235705,jcb,3/11/2020
155,155,490503145596452407,switch,9/20/2019
156,156,3571343864469462,jcb,2/23/2021
157,157,374622646895218,americanexpress,1/5/2024
158,158,67712300637283096,laser,6/17/2022
159,159,3558524245229835,jcb,3/30/2019
160,160,30514115969911,diners-club-carte-blanche,10/2/2023
161,161,30069352225139,diners-club-carte-blanche,1/24/2020
162,162,5288797498224891,mastercard,9/14/2022
163,163,5610939488986076,bankcard,5/4/2023
164,164,4844137220521662,visa-electron,1/27/2019
165,165,4175002737458858,visa-electron,4/1/2022
166,166,5516747412405534,diners-club-us-ca,10/19/2023
167,167,3570306595234175,jcb,12/22/2023
168,168,560224503520369063,china-unionpay,6/23/2023
169,169,3588483032574164,jcb,8/26/2019
170,170,3537307755190902,jcb,1/12/2022
171,171,3588836521102617,jcb,6/27/2021
172,172,4041375539221100,visa,10/26/2022
173,173,201641208615490,diners-club-enroute,10/3/2022
174,174,3565148321023903,jcb,9/24/2023
175,175,670911528191341716,laser,10/22/2018
176,176,6706605992460566840,laser,4/24/2019
177,177,5002355254281830,mastercard,9/1/2020
178,178,6385284264196397,instapayment,4/15/2024
179,179,5602219483624729,bankcard,10/20/2020
180,180,3535578377123370,jcb,8/11/2018
181,181,3555671120556502,jcb,12/24/2023
182,182,30323539963751,diners-club-carte-blanche,1/26/2024
183,183,3563760710651870,jcb,9/13/2023
184,184,201751045967051,diners-club-enroute,10/24/2018
185,185,676734903674687368,solo,3/14/2019
186,186,3531081363767379,jcb,11/18/2021
187,187,5473611912699007,diners-club-us-ca,6/30/2019
188,188,5508086658390617,diners-club-us-ca,4/26/2019
189,189,3572389975985911,jcb,10/2/2021
190,190,67718819145962648,laser,10/5/2023
191,191,6331108394274763,switch,7/13/2018
192,192,4041595527490561,visa,2/1/2022
193,193,3556199742051339,jcb,9/25/2020
194,194,342781181698384,americanexpress,1/21/2022
195,195,6761790148341359901,maestro,11/1/2021
196,196,3531774053744589,jcb,3/17/2021
197,197,3546024409398513,jcb,11/11/2020
198,198,6767063679599410779,solo,4/20/2024
199,199,676393310306277992,maestro,8/6/2023
200,200,3541813048774513,jcb,3/12/2022
201,201,4913948200765731,visa-electron,2/9/2023
202,202,5602241363102469,china-unionpay,4/27/2020
203,203,36416077391791,diners-club-international,9/11/2018
204,204,4905426745725446803,switch,5/17/2024
205,205,3549305744076501,jcb,3/28/2022
206,206,6331109451114389,switch,12/2/2023
207,207,6370161115533720,instapayment,6/21/2019
208,208,5100136063652325,mastercard,5/8/2020
209,209,5311525085919222,mastercard,5/17/2022
210,210,3584276627960440,jcb,10/12/2020
211,211,3539479873638001,jcb,7/11/2021
212,212,3529684592269598,jcb,7/16/2021
213,213,3565830875659477,jcb,8/4/2023
214,214,5592983127803286,mastercard,4/8/2020
215,215,30014984287370,diners-club-carte-blanche,12/8/2020
216,216,3540489310290941,jcb,7/15/2018
217,217,3545003602609539,jcb,8/7/2018
218,218,30039503886360,diners-club-carte-blanche,7/23/2019
219,219,6391003468719115,instapayment,5/25/2019
220,220,67627090619470969,maestro,6/29/2021
221,221,3578651462642444,jcb,3/8/2022
222,222,6383123420488334,instapayment,7/8/2022
223,223,3589159012928195,jcb,9/16/2019
224,224,30207462628285,diners-club-carte-blanche,6/3/2021
225,225,6304661627714930260,maestro,3/2/2024
226,226,4175007999753417,visa-electron,2/13/2020
227,227,4508009972925325,visa-electron,9/22/2020
228,228,4936255171640742,switch,12/12/2021
229,229,201695996769075,diners-club-enroute,5/15/2019
230,230,5244940051087031,mastercard,7/21/2021
231,231,6334257953468105,solo,9/9/2021
232,232,503805251672676482,maestro,11/5/2022
233,233,3570762757640700,jcb,2/11/2020
234,234,337941590575063,americanexpress,2/5/2020
235,235,3560642322672481,jcb,1/8/2020
236,236,3529835957473106,jcb,12/3/2019
237,237,30263772685341,diners-club-carte-blanche,2/13/2019
238,238,6378648713144134,instapayment,10/8/2023
239,239,5356363809228100,mastercard,7/14/2022
240,240,3538262455789678,jcb,5/20/2021
241,241,3567781693661229,jcb,6/24/2022
242,242,490599027659105327,switch,6/3/2019
243,243,3579315964783788,jcb,10/6/2021
244,244,3533986133679563,jcb,12/10/2018
245,245,342920600958769,americanexpress,2/18/2021
246,246,5400151530662036,diners-club-us-ca,6/7/2019
247,247,378540878481976,americanexpress,3/24/2020
248,248,5118037055469969,mastercard,3/31/2021
249,249,201852789298289,diners-club-enroute,11/15/2020
250,250,30577936072819,diners-club-carte-blanche,12/16/2021
251,251,67613690714911548,maestro,6/5/2024
252,252,3578587119478040,jcb,6/8/2021
253,253,3538248789947579,jcb,11/22/2019
254,254,3545726918175270,jcb,8/8/2021
255,255,30166091482748,diners-club-carte-blanche,10/24/2018
256,256,201499339573033,diners-club-enroute,2/13/2024
257,257,30248578918897,diners-club-carte-blanche,9/4/2022
258,258,3560719515519545,jcb,7/26/2019
259,259,5602229888264666,bankcard,8/1/2020
260,260,3531297075108369,jcb,4/12/2019
261,261,3585164338653380,jcb,8/4/2022
262,262,3571485165986320,jcb,5/30/2020
263,263,4917905269067793,visa-electron,10/6/2023
264,264,3542997588008967,jcb,4/30/2024
265,265,3538179148642314,jcb,1/17/2021
266,266,3545315804068466,jcb,7/12/2020
267,267,5602258087676672839,china-unionpay,11/2/2023
268,268,5602210580158224,bankcard,1/23/2023
269,269,3584622529254475,jcb,5/16/2022
270,270,3538180911523913,jcb,1/29/2020
271,271,3545869867567319,jcb,8/13/2023
272,272,5100132471130046,mastercard,8/19/2020
273,273,3544904382077717,jcb,7/9/2018
274,274,5610837104357209022,china-unionpay,9/10/2020
275,275,4936684346854335636,switch,5/11/2022
276,276,3569487494177294,jcb,5/27/2019
277,277,3581344110491431,jcb,8/18/2020
278,278,3543206869694332,jcb,5/3/2022
279,279,3570136553212255,jcb,1/2/2023
280,280,3559419660411407,jcb,9/1/2022
281,281,4041373140706,visa,4/5/2019
282,282,490500638326745366,switch,9/1/2020
283,283,633110047706050032,switch,2/11/2024
284,284,5048378478403655,mastercard,7/1/2023
285,285,3571341660136293,jcb,5/4/2020
286,286,372301067206609,americanexpress,8/3/2023
287,287,374622527941255,americanexpress,6/5/2024
288,288,5602251834273567,bankcard,8/26/2020
289,289,3544337074017487,jcb,11/30/2023
290,290,6709297532522953,laser,5/28/2022
291,291,6762203861014368,maestro,5/30/2024
292,292,3540156194272184,jcb,2/22/2022
293,293,3536763982359655,jcb,7/26/2022
294,294,5429812318222908,mastercard,7/31/2023
295,295,3564346544586059,jcb,8/8/2022
296,296,3558374735794967,jcb,1/20/2020
297,297,5010123654570842,mastercard,4/2/2019
298,298,4911596106978709599,switch,8/2/2020
299,299,201712864275620,diners-club-enroute,6/30/2024
300,300,3564488658525653,jcb,4/4/2023
301,301,3549508435404557,jcb,8/15/2021
302,302,6334947162541169,solo,2/18/2021
303,303,5018645370666426460,maestro,2/26/2019
304,304,201564078015262,diners-club-enroute,5/23/2020
305,305,3586662282523045,jcb,7/25/2019
306,306,3544469057793741,jcb,9/16/2019
307,307,3554107953572937,jcb,6/17/2024
308,308,3556435051554178,jcb,1/29/2023
309,309,3587009231510344,jcb,1/26/2019
310,310,3547851060144227,jcb,12/3/2021
311,311,6389764289689035,instapayment,8/13/2020
312,312,3545913486881683,jcb,8/6/2019
313,313,3536207584007437,jcb,11/4/2022
314,314,201817774805539,diners-club-enroute,12/23/2022
315,315,3575427983844089,jcb,10/18/2021
316,316,3565112424369852,jcb,10/18/2022
317,317,675935166991591148,switch,12/31/2023
318,318,3543430683943697,jcb,2/4/2024
319,319,3553344997852477,jcb,3/15/2023
320,320,5602214880870540742,china-unionpay,6/29/2019
321,321,201447975872094,diners-club-enroute,7/27/2020
322,322,58932089848427583,maestro,6/4/2019
323,323,3539175512921416,jcb,8/6/2021
324,324,5602224694683027,china-unionpay,5/25/2024
325,325,5048373212232288,mastercard,11/27/2022
326,326,3559104723643093,jcb,5/2/2020
327,327,3549457677789376,jcb,12/15/2018
328,328,3572721650364477,jcb,9/13/2021
329,329,3579690778801731,jcb,9/22/2020
330,330,6771073147708383535,laser,4/15/2022
331,331,337941391362414,americanexpress,12/26/2021
332,332,3586837609535175,jcb,6/25/2021
333,333,5602210884028040,bankcard,9/24/2022
334,334,5588395031779260,diners-club-us-ca,6/29/2022
335,335,6392434675532232,instapayment,9/21/2019
336,336,201589308477081,diners-club-enroute,4/1/2024
337,337,3578173339196546,jcb,7/1/2022
338,338,3582676421095297,jcb,6/1/2019
339,339,3540967700041941,jcb,7/20/2020
340,340,503855190552602821,maestro,10/6/2020
341,341,3588913278729031,jcb,10/2/2023
342,342,30137716539857,diners-club-carte-blanche,5/31/2021
343,343,493677932899583663,switch,12/6/2022
344,344,4041379307183088,visa,7/21/2019
345,345,633305515217279808,switch,7/17/2021
346,346,633110614269552496,switch,10/31/2020
347,347,4903906301884089341,switch,8/10/2018
348,348,5610192038465080,china-unionpay,8/12/2020
349,349,3576563602454220,jcb,12/8/2021
350,350,5379463002103150,mastercard,4/11/2020
351,351,3583852406879836,jcb,11/22/2021
352,352,3544175123888239,jcb,10/26/2022
353,353,6761948470923154968,maestro,9/3/2020
354,354,4844726465980912,visa-electron,10/10/2020
355,355,6759843557176602,switch,1/27/2021
356,356,3559192163226453,jcb,1/23/2019
357,357,3560458473496103,jcb,12/8/2019
358,358,5602222515408843586,china-unionpay,6/30/2019
359,359,633482718248962492,solo,9/9/2019
360,360,3560743563573931,jcb,9/29/2020
361,361,4041372013895970,visa,12/6/2021
362,362,67634818082521137,maestro,11/30/2018
363,363,3555162992842238,jcb,11/22/2020
364,364,3587152185263096,jcb,1/19/2024
365,365,3564238370828004,jcb,11/25/2018
366,366,5602212064803368420,china-unionpay,3/7/2023
367,367,4913847736301914,visa-electron,12/28/2022
368,368,3535365414882261,jcb,10/20/2022
369,369,30448473944150,diners-club-carte-blanche,4/2/2021
370,370,3556794045306990,jcb,7/22/2018
371,371,5002359001714465,mastercard,2/15/2023
372,372,630475146997011045,maestro,8/21/2022
373,373,3532242324472918,jcb,8/23/2020
374,374,676737085548868494,solo,2/9/2022
375,375,5602210466119461751,china-unionpay,2/14/2019
376,376,5010129329455582,mastercard,7/18/2022
377,377,6334437875798876806,solo,4/2/2022
378,378,3547198490041403,jcb,4/20/2020
379,379,3582131891874862,jcb,12/23/2021
380,380,490392276853227515,switch,5/2/2022
381,381,3574287944503427,jcb,3/4/2022
382,382,5602225950878482,bankcard,2/7/2021
383,383,3554155553503885,jcb,9/9/2020
384,384,5100138484747817,mastercard,3/17/2021
385,385,3531852042414694,jcb,5/5/2019
386,386,4913873235524632,visa-electron,7/26/2018
387,387,3560733203429172,jcb,11/6/2021
388,388,3541715324949257,jcb,9/19/2022
389,389,5144413199022642,mastercard,12/9/2019
390,390,201543124866761,diners-club-enroute,4/29/2020
391,391,374283835700568,americanexpress,7/1/2024
392,392,3548457328695155,jcb,11/1/2021
393,393,374283440593986,americanexpress,2/3/2019
394,394,564182902101500520,switch,4/24/2020
395,395,5108752672940166,mastercard,12/1/2020
396,396,4041375508981478,visa,5/23/2022
397,397,30282859043158,diners-club-carte-blanche,6/12/2023
398,398,3588867727759454,jcb,12/24/2022
399,399,6334969146627359638,solo,12/7/2022
400,400,3571187054049745,jcb,1/8/2023
401,401,201435904152225,diners-club-enroute,7/19/2023
402,402,5100133139836172,mastercard,1/10/2022
403,403,30589648095483,diners-club-carte-blanche,12/11/2018
404,404,5108759978835073,mastercard,5/18/2023
405,405,5602212235375054,china-unionpay,6/8/2020
406,406,3550357682092434,jcb,10/27/2019
407,407,5602232723248274,china-unionpay,3/5/2022
408,408,3535604031735845,jcb,12/5/2023
409,409,56022259361126186,china-unionpay,3/22/2024
410,410,201455890852406,diners-club-enroute,11/7/2021
411,411,201834085319449,diners-club-enroute,8/9/2022
412,412,3583203763002051,jcb,8/20/2018
413,413,3532624625604242,jcb,5/28/2023
414,414,36286600508157,diners-club-international,6/22/2023
415,415,6759380159159931814,maestro,8/4/2018
416,416,3579105099278642,jcb,7/27/2021
417,417,3562582983183352,jcb,9/3/2018
418,418,201805033712190,diners-club-enroute,10/13/2022
419,419,5322167770159272,mastercard,10/6/2018
420,420,5602226875559450888,china-unionpay,11/21/2023
421,421,4905895524306003412,switch,8/16/2023
422,422,374283447734401,americanexpress,4/19/2019
423,423,3550996971499949,jcb,12/28/2020
424,424,374288742233413,americanexpress,1/26/2024
425,425,5002359145341423,mastercard,9/2/2019
426,426,676746140290179753,solo,11/2/2022
427,427,6334479961616529956,solo,11/15/2022
428,428,3552761540581421,jcb,8/12/2020
429,429,3535914453808875,jcb,9/27/2022
430,430,0604895929616804636,maestro,10/28/2023
431,431,5010122785089060,mastercard,6/8/2021
432,432,6709007590992067,laser,5/20/2019
433,433,56022142734853829,china-unionpay,3/26/2019
434,434,3554049633364709,jcb,7/28/2023
435,435,3566016435229667,jcb,12/2/2023
436,436,5602249676087921,china-unionpay,8/28/2021
437,437,3547989135618187,jcb,3/8/2020
438,438,3566720346453932,jcb,1/14/2019
439,439,201821576862961,diners-club-enroute,5/1/2021
440,440,58932883721712560,maestro,4/19/2020
441,441,3557822230362632,jcb,5/30/2021
442,442,4905043088866990724,switch,8/26/2023
443,443,493660498566052530,switch,6/8/2022
444,444,4905774554832822,switch,12/17/2020
445,445,3549593521037487,jcb,11/19/2019
446,446,5602234810705554,bankcard,9/19/2019
447,447,3552687787735265,jcb,1/22/2024
448,448,5610454932779465,china-unionpay,7/20/2018
449,449,372301030072849,americanexpress,10/7/2022
450,450,5610183621442099,china-unionpay,6/21/2021
451,451,4405412245857248,visa-electron,4/1/2022
452,452,5018268433940145896,maestro,12/29/2018
453,453,3576815616147418,jcb,8/12/2019
454,454,30508650604800,diners-club-carte-blanche,11/8/2022
455,455,5010128350960528,mastercard,10/24/2021
456,456,3556997165148577,jcb,1/26/2022
457,457,3562110423939934,jcb,2/9/2020
458,458,3542880829336407,jcb,8/2/2018
459,459,3572697172189388,jcb,7/8/2019
460,460,5893109857601957,maestro,5/7/2020
461,461,6761878457650785746,maestro,11/3/2023
462,462,3565636416696088,jcb,6/20/2020
463,463,30437755448576,diners-club-carte-blanche,5/1/2020
464,464,5591965308836491,mastercard,1/30/2024
465,465,3544020194826868,jcb,1/27/2022
466,466,4911354451128064749,switch,6/28/2024
467,467,3529734799656269,jcb,12/5/2021
468,468,30263480630787,diners-club-carte-blanche,11/21/2018
469,469,3529984355148652,jcb,12/14/2022
470,470,5018623290731254,maestro,4/28/2022
471,471,6761725824274698,maestro,5/13/2023
472,472,201751803004253,diners-club-enroute,5/13/2020
473,473,3547587238780621,jcb,2/7/2022
474,474,5100140446068365,mastercard,2/14/2022
475,475,3564202837740012,jcb,7/31/2019
476,476,5602236711961855,bankcard,2/21/2024
477,477,3565744986981912,jcb,12/22/2021
478,478,670698353892766387,laser,5/9/2019
479,479,3589624799780853,jcb,8/10/2020
480,480,374288559559629,americanexpress,10/1/2018
481,481,3528184846071271,jcb,10/5/2020
482,482,5602234919253217,china-unionpay,12/27/2023
483,483,3550595926474666,jcb,6/23/2019
484,484,5038139397392961,maestro,3/1/2024
485,485,67633435864553492,maestro,6/10/2021
486,486,56103742903371768,china-unionpay,1/2/2019
487,487,3557372899178622,jcb,8/12/2020
488,488,5020820679935064206,maestro,4/9/2021
489,489,201824117125880,diners-club-enroute,1/13/2023
490,490,67623857603555649,maestro,7/12/2020
491,491,6763698484781711932,maestro,11/29/2018
492,492,3532650731566520,jcb,7/22/2018
493,493,4175005967164104,visa-electron,10/22/2021
494,494,30524192233180,diners-club-carte-blanche,7/28/2019
495,495,3588551127197024,jcb,9/9/2021
496,496,3572349491871151,jcb,3/23/2024
497,497,67718588478094523,laser,1/31/2023
498,498,3560679203208951,jcb,2/13/2020
499,499,372301503392765,americanexpress,6/19/2019
500,500,5002351919027908,mastercard,7/20/2023
501,501,3582614216314136,jcb,6/16/2024
502,502,3557138663401585,jcb,11/28/2022
503,503,5417543878926307,diners-club-us-ca,11/14/2021
504,504,6767301925785602634,solo,1/5/2024
505,505,3545770542472885,jcb,2/18/2022
506,506,3554651606179889,jcb,3/24/2023
507,507,3528649041943680,jcb,5/27/2022
508,508,3578410346415109,jcb,4/20/2019
509,509,5100178413277791,mastercard,5/24/2021
510,510,201595911167944,diners-club-enroute,1/12/2024
511,511,374283403756893,americanexpress,1/16/2023
512,512,3544040791483426,jcb,5/15/2021
513,513,3586194385322422,jcb,4/3/2020
514,514,3535618308779138,jcb,6/19/2021
515,515,4026476199559604,visa-electron,7/25/2021
516,516,5602223212033079,bankcard,1/21/2021
517,517,3546022903246493,jcb,4/28/2023
518,518,5371418484847375,mastercard,11/6/2020
519,519,56022510056032125,china-unionpay,3/27/2021
520,520,3580026216705498,jcb,1/11/2021
521,521,3566159351446855,jcb,7/20/2022
522,522,4041595679093,visa,7/15/2021
523,523,3531093739962741,jcb,7/12/2020
524,524,5602225176367138,china-unionpay,8/18/2020
525,525,5002355534688432,mastercard,6/9/2020
526,526,3587081153503953,jcb,2/9/2022
527,527,670665147637927547,laser,3/24/2019
528,528,3586714631633395,jcb,2/6/2020
529,529,3566733340993746,jcb,7/11/2022
530,530,3589478790345061,jcb,12/21/2018
531,531,6304517503356092,laser,2/26/2021
532,532,3577915903991491,jcb,12/11/2019
533,533,3536019183250585,jcb,7/7/2022
534,534,5602257219793152,china-unionpay,8/18/2022
535,535,3537431966195615,jcb,12/9/2018
536,536,3586103180603837,jcb,3/9/2023
537,537,3538444010009566,jcb,6/15/2022
538,538,201438358768884,diners-club-enroute,2/8/2024
539,539,67596858554148924,maestro,4/9/2024
540,540,346928492376327,americanexpress,12/15/2018
541,541,5511650795243602,diners-club-us-ca,8/30/2018
542,542,6374535407910736,instapayment,3/20/2022
543,543,3566613288053788,jcb,1/1/2021
544,544,675944617158305960,maestro,3/30/2023
545,545,5602210316733266,bankcard,10/18/2022
546,546,3530190646892937,jcb,8/3/2018
547,547,3537616034557404,jcb,2/14/2024
548,548,6334401647923337,solo,10/9/2020
549,549,633334009507587521,switch,4/6/2023
550,550,372301785314412,americanexpress,2/5/2022
551,551,5573856781768529,mastercard,10/27/2019
552,552,3571129162256945,jcb,12/8/2018
553,553,6376660820948911,instapayment,3/15/2024
554,554,4026169605342810,visa-electron,10/16/2019
555,555,3563835747995092,jcb,7/4/2019
556,556,3555006152747168,jcb,6/8/2020
557,557,4913798332008454,visa-electron,12/21/2021
558,558,3576496825126780,jcb,2/15/2024
559,559,56022467547160579,china-unionpay,11/21/2021
560,560,5100179490247756,mastercard,6/5/2021
561,561,5602211516900275,bankcard,11/26/2018
562,562,3543496140349273,jcb,3/26/2019
563,563,3544650989296503,jcb,9/6/2021
564,564,5610509841580716,bankcard,5/1/2024
565,565,3586239517449625,jcb,5/22/2020
566,566,3556695635474181,jcb,4/30/2023
567,567,3568375029787250,jcb,8/25/2018
568,568,3559397204855315,jcb,10/19/2020
569,569,3556415367243989,jcb,1/24/2023
570,570,3528178109660135,jcb,12/3/2020
571,571,4936297041979132,switch,7/14/2023
572,572,201967839803852,diners-club-enroute,6/5/2021
573,573,6333510600358975,switch,6/6/2020
574,574,6763581979226563,maestro,1/28/2019
575,575,6759283639262361,maestro,7/29/2022
576,576,6761117065382921538,maestro,3/30/2022
577,577,5152861036820413,mastercard,4/18/2020
578,578,67637393464004091,maestro,3/15/2022
579,579,3541257420320760,jcb,6/29/2022
580,580,3584811223069889,jcb,3/2/2019
581,581,5451011790988109,diners-club-us-ca,9/22/2022
582,582,6374000411246494,instapayment,5/21/2022
583,583,5893367717008843,maestro,7/3/2019
584,584,3546878073435145,jcb,1/17/2022
585,585,3542176833187005,jcb,1/5/2023
586,586,201434932572116,diners-club-enroute,4/24/2024
587,587,4917593229290208,visa-electron,8/24/2021
588,588,3554065286960841,jcb,3/4/2024
589,589,6380883261305656,instapayment,8/23/2020
590,590,4508672145352683,visa-electron,5/24/2023
591,591,3535868501162828,jcb,10/27/2021
592,592,3571419947186347,jcb,6/28/2020
593,593,6771021596677906,laser,11/6/2019
594,594,3540935557834221,jcb,2/24/2022
595,595,3533299200075420,jcb,4/10/2019
596,596,630498767427135246,maestro,12/14/2022
597,597,5440068232746259,diners-club-us-ca,4/3/2019
598,598,5538258947480772,diners-club-us-ca,6/17/2022
599,599,3539082407293879,jcb,3/3/2022
600,600,3568969612419683,jcb,1/13/2019
601,601,3575548432448113,jcb,6/8/2022
602,602,4041373220649,visa,1/7/2020
603,603,4017954850051674,visa,1/13/2023
604,604,6304021678117280,maestro,7/10/2018
605,605,3565482765563896,jcb,12/20/2022
606,606,3585534998986066,jcb,7/12/2020
607,607,4508893278668741,visa-electron,2/19/2021
608,608,6767254488540238910,solo,10/28/2020
609,609,5038831734810775662,maestro,12/9/2021
610,610,3569769530798369,jcb,7/6/2019
611,611,3560042724134653,jcb,12/16/2018
612,612,3543440024914414,jcb,8/5/2021
613,613,6333978390422766,switch,4/11/2022
614,614,3546963832931004,jcb,10/6/2021
615,615,3587829119752969,jcb,8/19/2020
616,616,3544817613145527,jcb,1/11/2023
617,617,6392502827096965,instapayment,1/29/2023
618,618,3562041508836226,jcb,11/23/2018
619,619,3556334215558466,jcb,4/28/2022
620,620,50205286911395286,maestro,3/14/2023
621,621,30018079977035,diners-club-carte-blanche,4/9/2020
622,622,5002359807247074,mastercard,6/27/2019
623,623,3528096500524108,jcb,7/23/2020
624,624,3555050079909014,jcb,10/13/2020
625,625,374288246274681,americanexpress,8/22/2018
626,626,6706543517838153974,laser,3/28/2024
627,627,30402615810308,diners-club-carte-blanche,6/7/2021
628,628,3577379534212902,jcb,12/5/2021
629,629,3563414564757934,jcb,10/17/2023
630,630,3572064968319853,jcb,11/4/2023
631,631,349289076564078,americanexpress,6/26/2024
632,632,30322171161179,diners-club-carte-blanche,10/9/2022
633,633,3564828089102525,jcb,7/21/2020
634,634,4041376185627160,visa,3/26/2019
635,635,3574424196319422,jcb,8/20/2019
636,636,3568565708571534,jcb,3/25/2021
637,637,3583654964574613,jcb,3/1/2019
638,638,4405229386089377,visa-electron,1/4/2021
639,639,4041599910676,visa,7/17/2023
640,640,374622379426579,americanexpress,6/25/2019
641,641,3550810932649908,jcb,5/18/2021
642,642,3563882521245203,jcb,5/30/2021
643,643,5602246624634945,bankcard,12/29/2019
644,644,3554098060017116,jcb,3/12/2023
645,645,3560078050785601,jcb,3/7/2019
646,646,6706859894970519,laser,12/20/2018
647,647,3552879029296558,jcb,1/11/2020
648,648,5641827256791138,switch,1/14/2019
649,649,3542606238164480,jcb,3/10/2021
650,650,201772587506917,diners-club-enroute,4/7/2022
651,651,3579726735675923,jcb,1/12/2020
652,652,633404163045502552,solo,4/16/2021
653,653,4913215548363714,visa-electron,2/13/2024
654,654,3577359339827047,jcb,4/17/2020
655,655,3555060223890556,jcb,9/5/2022
656,656,5038703352395382492,maestro,10/30/2019
657,657,3588286146058549,jcb,8/21/2020
658,658,4905335849119065995,switch,8/31/2023
659,659,374622777760058,americanexpress,5/21/2022
660,660,3585855909526687,jcb,6/28/2019
661,661,3577567962657297,jcb,8/31/2019
662,662,3554223029476951,jcb,4/16/2022
663,663,676750889944342083,solo,8/27/2018
664,664,3581988709737719,jcb,6/29/2020
665,665,30420698358409,diners-club-carte-blanche,6/8/2021
666,666,3551524308682422,jcb,1/22/2020
667,667,3579456423007755,jcb,4/14/2023
668,668,3567728398031984,jcb,12/25/2021
669,669,30539196206180,diners-club-carte-blanche,3/22/2021
670,670,3557566294436044,jcb,5/15/2023
671,671,0604155973453196,maestro,12/19/2023
672,672,3529105731390442,jcb,4/26/2020
673,673,6331108599552879111,switch,6/21/2024
674,674,3563580342655754,jcb,9/9/2020
675,675,4905046004777491840,switch,5/12/2019
676,676,630417455552008135,maestro,11/25/2019
677,677,5010126348088451,mastercard,4/15/2024
678,678,50188527365304808,maestro,7/9/2021
679,679,3580642319781549,jcb,3/24/2019
680,680,4017958377743382,visa,12/10/2020
681,681,30517709671736,diners-club-carte-blanche,12/13/2020
682,682,56022379198668414,china-unionpay,8/20/2019
683,683,6759974694911360441,switch,2/3/2022
684,684,6304756876439762377,maestro,4/3/2019
685,685,30017354599746,diners-club-carte-blanche,1/26/2020
686,686,3544733959139513,jcb,8/27/2023
687,687,201620841981691,diners-club-enroute,1/3/2023
688,688,4903899619615591536,switch,5/10/2024
689,689,633482658527103543,solo,8/4/2018
690,690,3551297327126545,jcb,9/13/2023
691,691,670993047561038852,laser,12/1/2018
692,692,6383435549448530,instapayment,4/16/2023
693,693,3576262535591824,jcb,7/23/2023
694,694,3543864381035267,jcb,4/17/2021
695,695,3579407188199667,jcb,4/12/2024
696,696,36458156741058,diners-club-international,10/23/2022
697,697,5100172834925922,mastercard,6/12/2019
698,698,201761163415783,diners-club-enroute,8/20/2022
699,699,374622551666281,americanexpress,11/12/2019
700,700,374622628450305,americanexpress,9/17/2021
701,701,341124893166187,americanexpress,8/16/2021
702,702,3552754068712494,jcb,7/4/2022
703,703,3574174395202313,jcb,12/15/2023
704,704,4175007368152555,visa-electron,1/25/2023
705,705,6331105791091089,switch,12/11/2019
706,706,3568597800640008,jcb,5/13/2024
707,707,3529310188445174,jcb,10/4/2023
708,708,633466264310328189,solo,12/11/2022
709,709,3533165617609541,jcb,4/15/2019
710,710,3588208357518904,jcb,9/19/2022
711,711,3541854940157514,jcb,7/7/2020
712,712,201745765689515,diners-club-enroute,4/25/2020
713,713,201475040044613,diners-club-enroute,6/25/2022
714,714,3586387198657394,jcb,6/6/2023
715,715,5108754585289558,mastercard,12/12/2023
716,716,3533163494487594,jcb,10/10/2021
717,717,5100146097831027,mastercard,7/26/2022
718,718,3552637729338074,jcb,7/19/2019
719,719,6304326917366023887,laser,12/25/2018
720,720,3580895800391646,jcb,7/3/2022
721,721,3578519543091461,jcb,12/15/2021
722,722,5100173772481696,mastercard,2/28/2022
723,723,337941400470588,americanexpress,10/1/2020
724,724,4936360498272235,switch,10/23/2022
725,725,5100145081401748,mastercard,1/23/2019
726,726,3573201454596086,jcb,5/8/2020
727,727,6392652431394387,instapayment,1/20/2020
728,728,5610493354453407,bankcard,10/2/2021
729,729,3552071352338955,jcb,7/25/2022
730,730,201850499441355,diners-club-enroute,5/25/2019
731,731,4175000984959370,visa-electron,6/30/2021
732,732,30527598659585,diners-club-carte-blanche,7/30/2019
733,733,3534628928463436,jcb,3/2/2023
734,734,3580065719128428,jcb,7/31/2023
735,735,6331101230478221314,switch,4/5/2023
736,736,4913575037723326,visa-electron,8/30/2021
737,737,3551367748704988,jcb,10/1/2020
738,738,56022356777083413,china-unionpay,11/9/2021
739,739,201437201814069,diners-club-enroute,5/7/2022
740,740,3546116241232296,jcb,11/26/2020
741,741,67594184052067884,maestro,2/22/2021
742,742,3528962994257887,jcb,6/2/2020
743,743,4911699222235150422,switch,12/29/2021
744,744,5220019381170409,mastercard,8/5/2022
745,745,3569681257196240,jcb,2/17/2023
746,746,371572289842063,americanexpress,4/20/2020
747,747,337941284300521,americanexpress,2/24/2021
748,748,3577564893228645,jcb,2/2/2021
749,749,3568703777072700,jcb,11/15/2020
750,750,564182946795364636,switch,12/23/2018
751,751,3542904832113874,jcb,12/1/2018
752,752,502005579807860633,maestro,3/14/2022
753,753,4913066265821644,visa-electron,4/17/2020
754,754,4114935538389455,visa,7/1/2020
755,755,5610548947697313,china-unionpay,8/6/2019
756,756,345480099327361,americanexpress,1/22/2019
757,757,5211247071069851,mastercard,11/26/2020
758,758,3578190819034047,jcb,4/29/2023
759,759,4175007363283959,visa-electron,6/5/2021
760,760,3586672831908803,jcb,11/21/2021
761,761,374622921824909,americanexpress,9/15/2019
762,762,36066801149377,diners-club-international,12/1/2022
763,763,5523713928498182,diners-club-us-ca,10/26/2018
764,764,56022444328051285,china-unionpay,10/8/2021
765,765,3544189036802815,jcb,4/14/2021
766,766,4936271422725828,switch,6/24/2020
767,767,6395802784345141,instapayment,9/8/2021
768,768,4260916921535,visa,10/3/2019
769,769,5171202624832626,mastercard,7/8/2019
770,770,4041596134162767,visa,5/27/2020
771,771,4508262544480648,visa-electron,11/8/2019
772,772,5610719859965697,china-unionpay,1/24/2022
773,773,564182172930954203,switch,5/27/2019
774,774,30260053299727,diners-club-carte-blanche,7/8/2020
775,775,3557544822370241,jcb,5/25/2019
776,776,30360580030080,diners-club-carte-blanche,5/1/2019
777,777,5641827942426511,switch,6/12/2019
778,778,560222058795434193,china-unionpay,3/27/2023
779,779,4017958349875833,visa,5/26/2019
780,780,4600241130499094,visa,5/22/2023
781,781,3576699651236793,jcb,8/3/2021
782,782,5108754394510988,mastercard,11/16/2018
783,783,560225935657667811,china-unionpay,8/2/2021
784,784,3579154011002102,jcb,5/11/2022
785,785,3534840560284372,jcb,8/7/2018
786,786,5602251285372804329,china-unionpay,9/23/2018
787,787,3566443069579250,jcb,9/6/2018
788,788,3532923973148087,jcb,8/21/2021
789,789,3556024828400343,jcb,4/22/2022
790,790,5007663894762910,mastercard,1/4/2024
791,791,6331108978093584481,switch,9/23/2018
792,792,56022424444803454,china-unionpay,5/22/2019
793,793,6709759927930315,laser,6/24/2019
794,794,5100138440705727,mastercard,3/28/2020
795,795,3536285919661037,jcb,12/19/2020
796,796,490360687764951415,switch,2/2/2023
797,797,3551052921088132,jcb,10/12/2020
798,798,3543986335464390,jcb,6/26/2022
799,799,3578993546223506,jcb,4/14/2023
800,800,3547414736590230,jcb,3/10/2021
801,801,3547230462374643,jcb,7/7/2020
802,802,3582630983060546,jcb,1/7/2023
803,803,5602229744102944,china-unionpay,9/16/2023
804,804,6706664343685314673,laser,7/22/2018
805,805,3554404721316733,jcb,8/14/2022
806,806,3549725392314518,jcb,1/6/2019
807,807,4508899270357605,visa-electron,10/24/2023
808,808,5602226534360617,bankcard,5/11/2021
809,809,3537654520168188,jcb,3/14/2024
810,810,5048370717131007,mastercard,10/22/2018
811,811,3569450688967615,jcb,1/4/2022
812,812,5610503368625103,bankcard,8/9/2020
813,813,3581778861129155,jcb,4/13/2021
814,814,3587019456297881,jcb,6/12/2024
815,815,5108755125775246,mastercard,8/1/2021
816,816,5602258365469654,bankcard,12/1/2021
817,817,4041377068215883,visa,1/23/2024
818,818,06040689064590010,maestro,4/11/2024
819,819,3551759272931765,jcb,7/13/2018
820,820,374622263842238,americanexpress,8/16/2023
821,821,3577544004507434,jcb,5/29/2019
822,822,3535448736102442,jcb,11/18/2019
823,823,3553826734612388,jcb,8/12/2020
824,824,6771868495829248,laser,7/2/2022
825,825,6762779064126068117,maestro,9/11/2021
826,826,3533568612298469,jcb,6/20/2023
827,827,3541594662424003,jcb,12/15/2020
828,828,30116573356282,diners-club-carte-blanche,12/12/2021
829,829,5038454830045534,maestro,12/21/2022
830,830,6334649959604313,solo,1/24/2020
831,831,3536437454900227,jcb,12/4/2018
832,832,3549714970838239,jcb,7/14/2019
833,833,3575216786529900,jcb,7/31/2020
834,834,3565735871725133,jcb,9/17/2022
835,835,5444925193989093,diners-club-us-ca,8/5/2022
836,836,5602237208383041,bankcard,7/6/2020
837,837,4936398279048765417,switch,3/18/2022
838,838,3531229866181446,jcb,7/6/2018
839,839,677191753001823481,laser,11/17/2023
840,840,6333643265141723081,switch,8/1/2022
841,841,5007663625706046,mastercard,7/10/2021
842,842,3545791309223071,jcb,7/11/2023
843,843,201461148935183,diners-club-enroute,9/30/2021
844,844,5007662846599826,mastercard,2/6/2022
845,845,4911476295969697,switch,1/9/2020
846,846,6759770742731639,switch,5/9/2020
847,847,560223256411831268,china-unionpay,5/16/2019
848,848,5324216763726585,mastercard,5/13/2022
849,849,3533049980967191,jcb,3/17/2022
850,850,3587596149446579,jcb,7/14/2019
851,851,3584515845999569,jcb,7/1/2024
852,852,5509432630665834,diners-club-us-ca,8/30/2019
853,853,4405882088403963,visa-electron,8/5/2020
854,854,3587555812107421,jcb,3/18/2023
855,855,3534861666082387,jcb,7/31/2018
856,856,6304276292190648,laser,12/24/2021
857,857,5038778792834623784,maestro,5/4/2019
858,858,5018444001639466,maestro,8/19/2018
859,859,560223578880210322,china-unionpay,3/4/2024
860,860,201577608658245,diners-club-enroute,9/7/2023
861,861,5100142007522269,mastercard,11/29/2019
862,862,201708654815708,diners-club-enroute,1/21/2020
863,863,5495806552367691,mastercard,7/14/2019
864,864,348942623489691,americanexpress,6/20/2021
865,865,6384914134932065,instapayment,5/16/2020
866,866,3549767816522094,jcb,8/11/2019
867,867,30243507605616,diners-club-carte-blanche,6/4/2020
868,868,6759908909576633,maestro,10/26/2022
869,869,6304722755015962976,maestro,9/7/2018
870,870,201421957921617,diners-club-enroute,10/31/2018
871,871,5602232725768162,bankcard,6/12/2024
872,872,67593793493741831,maestro,11/1/2020
873,873,376989964365142,americanexpress,10/2/2022
874,874,5002352402381893,mastercard,7/27/2018
875,875,3579498094706430,jcb,11/24/2023
876,876,4905994168535070,switch,3/31/2019
877,877,5602235315788115332,china-unionpay,4/6/2020
878,878,3536439016395417,jcb,5/13/2019
879,879,3558002598354278,jcb,7/31/2020
880,880,5108751568533663,mastercard,7/16/2018
881,881,5574144458703486,mastercard,1/3/2022
882,882,201464312905438,diners-club-enroute,5/11/2020
883,883,3528840503477917,jcb,8/30/2023
884,884,201798854991367,diners-club-enroute,12/27/2020
885,885,3582388486501082,jcb,7/9/2019
886,886,3559200166326798,jcb,6/4/2022
887,887,3583341977269023,jcb,4/7/2024
888,888,4017957765769264,visa,9/29/2019
889,889,3528632532136964,jcb,11/15/2021
890,890,3577017029325124,jcb,1/6/2021
891,891,5602253767764695,bankcard,9/23/2018
892,892,201968648977200,diners-club-enroute,7/8/2018
893,893,5038959814822518,maestro,9/14/2021
894,894,201891749055447,diners-club-enroute,8/27/2022
895,895,5641823803315786,switch,12/27/2019
896,896,3564063617032842,jcb,1/26/2022
897,897,3582743934639944,jcb,3/15/2022
898,898,201612627946154,diners-club-enroute,2/18/2024
899,899,30555535774597,diners-club-carte-blanche,10/11/2021
900,900,374283532678653,americanexpress,3/22/2022
901,901,501865682425560022,maestro,3/11/2024
902,902,3574672058167236,jcb,3/6/2019
903,903,3589064184652468,jcb,9/18/2019
904,904,3548600684738388,jcb,4/24/2022
905,905,5602220103990656,china-unionpay,8/2/2022
906,906,3541959585299396,jcb,3/4/2024
907,907,6331104027596151,switch,10/10/2023
908,908,5018297994767494290,maestro,1/3/2022
909,909,201986034554532,diners-club-enroute,11/7/2022
910,910,3575168598271371,jcb,5/10/2020
911,911,3566374950686260,jcb,1/14/2023
912,912,201819050734045,diners-club-enroute,5/21/2023
913,913,5539719446040424,diners-club-us-ca,10/1/2023
914,914,3586013083729656,jcb,3/12/2021
915,915,4405681253236772,visa-electron,12/26/2022
916,916,30127880937375,diners-club-carte-blanche,6/20/2022
917,917,3548050191191913,jcb,2/13/2022
918,918,4508344661089954,visa-electron,8/1/2021
919,919,6771619735741290021,laser,7/28/2022
920,920,3552206625503619,jcb,7/31/2018
921,921,5610611820114808424,china-unionpay,4/3/2023
922,922,3560011877626708,jcb,3/10/2019
923,923,3579803161110525,jcb,10/10/2018
924,924,3540869694080291,jcb,10/17/2023
925,925,3529188244081575,jcb,11/4/2018
926,926,4041597306370402,visa,12/20/2021
927,927,201941264058886,diners-club-enroute,9/18/2020
928,928,3582024579377441,jcb,1/18/2022
929,929,201989083812868,diners-club-enroute,4/4/2020
930,930,6333620826882603357,switch,6/7/2024
931,931,4175009249276298,visa-electron,7/5/2019
932,932,5002351763942996,mastercard,7/20/2019
933,933,3576353488270035,jcb,1/11/2019
934,934,3528189319589980,jcb,4/4/2021
935,935,3546108130440726,jcb,4/19/2021
936,936,490369686630961542,switch,11/26/2019
937,937,3537645402475790,jcb,10/19/2020
938,938,5602246210734349,bankcard,11/16/2019
939,939,3576488928096093,jcb,6/19/2024
940,940,3539853977390216,jcb,9/26/2020
941,941,490505262522383370,switch,8/19/2019
942,942,3536778365203726,jcb,10/11/2023
943,943,4917112161939506,visa-electron,6/26/2019
944,944,4041375076632974,visa,1/15/2024
945,945,374283864173406,americanexpress,5/29/2023
946,946,3563965176476734,jcb,5/7/2019
947,947,5100178298246515,mastercard,8/9/2023
948,948,3552387391794945,jcb,9/25/2020
949,949,201618989592254,diners-club-enroute,11/26/2022
950,950,3534039851889862,jcb,4/27/2021
951,951,3579064865707955,jcb,9/24/2019
952,952,201787641843924,diners-club-enroute,8/10/2018
953,953,5007663735497551,mastercard,2/11/2019
954,954,3548455517642475,jcb,8/16/2021
955,955,3563182475599600,jcb,3/31/2022
956,956,3587617307273959,jcb,7/23/2021
957,957,201818578502777,diners-club-enroute,3/1/2024
958,958,4026615912239032,visa-electron,4/21/2024
959,959,3580073443047245,jcb,11/22/2023
960,960,3536328185538636,jcb,6/3/2023
961,961,4047451244369,visa,8/3/2019
962,962,503828650383347528,maestro,10/26/2022
963,963,36074109582786,diners-club-international,11/30/2020
964,964,30272910389690,diners-club-carte-blanche,12/7/2022
965,965,3547081394677052,jcb,9/29/2020
966,966,3545162973232162,jcb,11/15/2022
967,967,337941976009026,americanexpress,7/27/2019
968,968,374622801828418,americanexpress,3/29/2021
969,969,060405506583838926,maestro,12/4/2018
970,970,5602214424447629,china-unionpay,4/11/2019
971,971,4026088091547452,visa-electron,10/20/2020
972,972,3575257055253806,jcb,8/12/2020
973,973,30100613442799,diners-club-carte-blanche,4/30/2022
974,974,3538141269685175,jcb,12/26/2023
975,975,6391585736328935,instapayment,11/24/2021
976,976,5138061246911131,mastercard,1/31/2021
977,977,6391144120425871,instapayment,10/14/2018
978,978,3579331558341347,jcb,7/3/2019
979,979,560225986782525184,china-unionpay,7/27/2023
980,980,5565193485768815,diners-club-us-ca,8/5/2020
981,981,6304887362037843572,maestro,4/13/2023
982,982,30161520263553,diners-club-carte-blanche,6/11/2023
983,983,5392954141992688,mastercard,11/16/2022
984,984,3573090172621494,jcb,12/19/2018
985,985,3559786442007251,jcb,9/30/2018
986,986,6334661972833180281,solo,11/7/2019
987,987,3587389618625711,jcb,6/13/2024
988,988,3581059737814449,jcb,1/9/2020
989,989,201774042251329,diners-club-enroute,3/16/2019
990,990,3553842115376048,jcb,2/11/2023
991,991,3532637046368866,jcb,8/11/2022
992,992,5396078108719391,mastercard,6/8/2023
993,993,4017958831851,visa,5/19/2023
994,994,340456773578409,americanexpress,5/28/2020
995,995,3532848542548907,jcb,12/28/2021
996,996,3542414794479677,jcb,11/18/2020
997,997,342271491507160,americanexpress,6/28/2019
998,998,3531678995888364,jcb,5/6/2021
999,999,5572033795321213,mastercard,8/18/2022
1000,1000,501881857349649966,maestro,8/28/2023
